node_id,branch_length,bpp_ll,fit_ll
0,0.01,-23998.3,-23982.4
0,0.02,-23984.8,-23973.4
0,0.03,-23972.9,-23964.6
0,0.04,-23962.2,-23956.3
0,0.05,-23952.4,-23948.2
0,0.06,-23943.3,-23940.6
0,0.07,-23934.9,-23933.2
0,0.08,-23927.1,-23926.1
0,0.09,-23919.8,-23919.4
0,0.1,-23912.9,-23912.9
0,0.11,-23906.4,-23906.7
0,0.12,-23900.3,-23900.7
0,0.13,-23894.5,-23895.1
0,0.14,-23889.1,-23889.7
0,0.15,-23883.9,-23884.5
0,0.16,-23879.1,-23879.5
0,0.17,-23874.4,-23874.8
0,0.18,-23870,-23870.3
0,0.19,-23865.9,-23866
0,0.2,-23861.9,-23861.9
0,0.21,-23858.1,-23858
0,0.22,-23854.6,-23854.3
0,0.23,-23851.1,-23850.7
0,0.24,-23847.9,-23847.4
0,0.25,-23844.8,-23844.2
0,0.26,-23841.9,-23841.1
0,0.27,-23839.2,-23838.3
0,0.28,-23836.5,-23835.5
0,0.29,-23834,-23833
0,0.3,-23831.6,-23830.5
0,0.31,-23829.4,-23828.2
0,0.32,-23827.2,-23826
0,0.33,-23825.2,-23824
0,0.34,-23823.3,-23822.1
0,0.35,-23821.5,-23820.2
0,0.36,-23819.8,-23818.5
0,0.37,-23818.1,-23816.9
0,0.38,-23816.6,-23815.4
0,0.39,-23815.2,-23814.1
0,0.4,-23813.8,-23812.8
0,0.41,-23812.5,-23811.5
0,0.42,-23811.3,-23810.4
0,0.43,-23810.2,-23809.4
0,0.44,-23809.2,-23808.4
0,0.45,-23808.2,-23807.6
0,0.46,-23807.3,-23806.8
0,0.47,-23806.4,-23806.1
0,0.48,-23805.7,-23805.4
0,0.49,-23804.9,-23804.8
0,0.5,-23804.3,-23804.3
0,0.51,-23803.7,-23803.8
0,0.52,-23803.2,-23803.4
0,0.53,-23802.7,-23803.1
0,0.54,-23802.3,-23802.8
0,0.55,-23801.9,-23802.6
0,0.56,-23801.6,-23802.4
0,0.57,-23801.3,-23802.2
0,0.58,-23801.1,-23802.1
0,0.59,-23800.9,-23802.1
0,0.6,-23800.7,-23802.1
0,0.61,-23800.6,-23802.1
0,0.62,-23800.6,-23802.2
0,0.63,-23800.6,-23802.3
0,0.64,-23800.6,-23802.4
0,0.65,-23800.7,-23802.6
0,0.66,-23800.8,-23802.8
0,0.67,-23800.9,-23803.1
0,0.68,-23801.1,-23803.3
0,0.69,-23801.3,-23803.6
0,0.7,-23801.6,-23803.9
0,0.71,-23801.8,-23804.3
0,0.72,-23802.1,-23804.7
0,0.73,-23802.5,-23805.1
0,0.74,-23802.9,-23805.5
0,0.75,-23803.3,-23805.9
0,0.76,-23803.7,-23806.4
0,0.77,-23804.1,-23806.8
0,0.78,-23804.6,-23807.3
0,0.79,-23805.1,-23807.8
0,0.8,-23805.7,-23808.4
0,0.81,-23806.2,-23808.9
0,0.82,-23806.8,-23809.4
0,0.83,-23807.4,-23810
0,0.84,-23808.1,-23810.6
0,0.85,-23808.7,-23811.2
0,0.86,-23809.4,-23811.8
0,0.87,-23810.1,-23812.4
0,0.88,-23810.8,-23813
0,0.89,-23811.6,-23813.6
0,0.9,-23812.3,-23814.3
0,0.91,-23813.1,-23814.9
0,0.92,-23813.9,-23815.5
0,0.93,-23814.7,-23816.2
0,0.94,-23815.5,-23816.9
0,0.95,-23816.4,-23817.5
0,0.96,-23817.3,-23818.2
0,0.97,-23818.1,-23818.9
0,0.98,-23819,-23819.5
0,0.99,-23820,-23820.2
1,0.02,-24058.7,-24009.3
1,0.04,-24029.4,-23993.7
1,0.06,-24004.8,-23979
1,0.08,-23983.7,-23965.1
1,0.1,-23965.1,-23952.1
1,0.12,-23948.6,-23939.7
1,0.14,-23933.8,-23928.1
1,0.16,-23920.4,-23917.2
1,0.18,-23908.3,-23907
1,0.2,-23897.4,-23897.4
1,0.22,-23887.4,-23888.4
1,0.24,-23878.4,-23880
1,0.26,-23870.1,-23872.1
1,0.28,-23862.5,-23864.8
1,0.3,-23855.6,-23858
1,0.32,-23849.3,-23851.6
1,0.34,-23843.5,-23845.7
1,0.36,-23838.3,-23840.3
1,0.38,-23833.5,-23835.3
1,0.4,-23829.2,-23830.7
1,0.42,-23825.3,-23826.4
1,0.44,-23821.7,-23822.6
1,0.46,-23818.5,-23819.1
1,0.48,-23815.6,-23815.9
1,0.5,-23813.1,-23813.1
1,0.52,-23810.8,-23810.5
1,0.54,-23808.8,-23808.2
1,0.56,-23807,-23806.3
1,0.58,-23805.5,-23804.6
1,0.6,-23804.2,-23803.1
1,0.62,-23803.1,-23801.9
1,0.64,-23802.3,-23800.9
1,0.66,-23801.6,-23800.1
1,0.68,-23801.1,-23799.5
1,0.7,-23800.8,-23799.1
1,0.72,-23800.6,-23799
1,0.74,-23800.6,-23798.9
1,0.76,-23800.7,-23799.1
1,0.78,-23801,-23799.4
1,0.8,-23801.4,-23799.9
1,0.82,-23801.9,-23800.5
1,0.84,-23802.5,-23801.2
1,0.86,-23803.3,-23802.1
1,0.88,-23804.2,-23803.1
1,0.9,-23805.1,-23804.2
1,0.92,-23806.2,-23805.4
1,0.94,-23807.3,-23806.7
1,0.96,-23808.5,-23808.2
1,0.98,-23809.9,-23809.7
1,1,-23811.3,-23811.3
1,1.02,-23812.7,-23812.9
1,1.04,-23814.3,-23814.7
1,1.06,-23815.9,-23816.5
1,1.08,-23817.5,-23818.4
1,1.1,-23819.3,-23820.3
1,1.12,-23821,-23822.3
1,1.14,-23822.9,-23824.4
1,1.16,-23824.8,-23826.5
1,1.18,-23826.7,-23828.6
1,1.2,-23828.7,-23830.8
1,1.22,-23830.7,-23833
1,1.24,-23832.8,-23835.3
1,1.26,-23834.9,-23837.6
1,1.28,-23837.1,-23839.9
1,1.3,-23839.3,-23842.3
1,1.32,-23841.5,-23844.7
1,1.34,-23843.7,-23847.1
1,1.36,-23846,-23849.5
1,1.38,-23848.3,-23851.9
1,1.4,-23850.7,-23854.4
1,1.42,-23853,-23856.8
1,1.44,-23855.4,-23859.3
1,1.46,-23857.8,-23861.8
1,1.48,-23860.2,-23864.3
1,1.5,-23862.7,-23866.7
1,1.52,-23865.1,-23869.2
1,1.54,-23867.6,-23871.7
1,1.56,-23870.1,-23874.2
1,1.58,-23872.6,-23876.7
1,1.6,-23875.2,-23879.2
1,1.62,-23877.7,-23881.7
1,1.64,-23880.2,-23884.2
1,1.66,-23882.8,-23886.7
1,1.68,-23885.4,-23889.1
1,1.7,-23887.9,-23891.6
1,1.72,-23890.5,-23894.1
1,1.74,-23893.1,-23896.5
1,1.76,-23895.7,-23898.9
1,1.78,-23898.3,-23901.4
1,1.8,-23900.9,-23903.8
1,1.82,-23903.5,-23906.2
1,1.84,-23906.1,-23908.5
1,1.86,-23908.7,-23910.9
1,1.88,-23911.3,-23913.3
1,1.9,-23913.9,-23915.6
1,1.92,-23916.5,-23917.9
1,1.94,-23919.2,-23920.2
1,1.96,-23921.8,-23922.5
1,1.98,-23924.4,-23924.7
2,0.02,-24070,-24030.3
2,0.04,-24044.6,-24015.6
2,0.06,-24022.8,-24001.6
2,0.08,-24003.6,-23988.4
2,0.1,-23986.5,-23975.8
2,0.12,-23971.2,-23963.9
2,0.14,-23957.2,-23952.6
2,0.16,-23944.5,-23941.9
2,0.18,-23932.9,-23931.8
2,0.2,-23922.3,-23922.3
2,0.22,-23912.4,-23913.2
2,0.24,-23903.3,-23904.7
2,0.26,-23894.9,-23896.6
2,0.28,-23887.2,-23889.1
2,0.3,-23880,-23881.9
2,0.32,-23873.3,-23875.2
2,0.34,-23867.1,-23868.9
2,0.36,-23861.3,-23862.9
2,0.38,-23855.9,-23857.4
2,0.4,-23850.9,-23852.2
2,0.42,-23846.3,-23847.3
2,0.44,-23842,-23842.7
2,0.46,-23838,-23838.5
2,0.48,-23834.3,-23834.5
2,0.5,-23830.9,-23830.9
2,0.52,-23827.7,-23827.5
2,0.54,-23824.7,-23824.3
2,0.56,-23822,-23821.4
2,0.58,-23819.5,-23818.7
2,0.6,-23817.2,-23816.3
2,0.62,-23815.1,-23814
2,0.64,-23813.2,-23812
2,0.66,-23811.4,-23810.2
2,0.68,-23809.8,-23808.5
2,0.7,-23808.4,-23807
2,0.72,-23807.1,-23805.7
2,0.74,-23805.9,-23804.5
2,0.76,-23804.9,-23803.5
2,0.78,-23804,-23802.7
2,0.8,-23803.2,-23801.9
2,0.82,-23802.5,-23801.3
2,0.84,-23801.9,-23800.9
2,0.86,-23801.5,-23800.5
2,0.88,-23801.1,-23800.2
2,0.9,-23800.9,-23800.1
2,0.92,-23800.7,-23800.1
2,0.94,-23800.6,-23800.1
2,0.96,-23800.6,-23800.3
2,0.98,-23800.6,-23800.5
2,1,-23800.8,-23800.8
2,1.02,-23801,-23801.2
2,1.04,-23801.3,-23801.6
2,1.06,-23801.6,-23802.2
2,1.08,-23802,-23802.7
2,1.1,-23802.5,-23803.4
2,1.12,-23803,-23804.1
2,1.14,-23803.6,-23804.8
2,1.16,-23804.3,-23805.6
2,1.18,-23804.9,-23806.5
2,1.2,-23805.7,-23807.4
2,1.22,-23806.4,-23808.3
2,1.24,-23807.3,-23809.3
2,1.26,-23808.1,-23810.3
2,1.28,-23809,-23811.4
2,1.3,-23809.9,-23812.4
2,1.32,-23810.9,-23813.5
2,1.34,-23811.9,-23814.7
2,1.36,-23813,-23815.8
2,1.38,-23814,-23817
2,1.4,-23815.1,-23818.2
2,1.42,-23816.3,-23819.4
2,1.44,-23817.4,-23820.6
2,1.46,-23818.6,-23821.9
2,1.48,-23819.8,-23823.1
2,1.5,-23821.1,-23824.4
2,1.52,-23822.3,-23825.7
2,1.54,-23823.6,-23827
2,1.56,-23824.9,-23828.3
2,1.58,-23826.2,-23829.6
2,1.6,-23827.5,-23830.9
2,1.62,-23828.9,-23832.2
2,1.64,-23830.3,-23833.5
2,1.66,-23831.6,-23834.8
2,1.68,-23833,-23836.2
2,1.7,-23834.5,-23837.5
2,1.72,-23835.9,-23838.8
2,1.74,-23837.3,-23840.1
2,1.76,-23838.8,-23841.4
2,1.78,-23840.2,-23842.8
2,1.8,-23841.7,-23844.1
2,1.82,-23843.2,-23845.4
2,1.84,-23844.7,-23846.7
2,1.86,-23846.2,-23848
2,1.88,-23847.7,-23849.3
2,1.9,-23849.2,-23850.6
2,1.92,-23850.7,-23851.8
2,1.94,-23852.3,-23853.1
2,1.96,-23853.8,-23854.4
2,1.98,-23855.4,-23855.7
3,0.01,-23807.9,-23807.9
3,0.02,-23805.8,-23806.2
3,0.03,-23804.2,-23804.8
3,0.04,-23803,-23803.6
3,0.05,-23802.1,-23802.6
3,0.06,-23801.4,-23801.8
3,0.07,-23801,-23801.3
3,0.08,-23800.7,-23800.9
3,0.09,-23800.6,-23800.7
3,0.1,-23800.6,-23800.6
3,0.11,-23800.8,-23800.7
3,0.12,-23801.2,-23801
3,0.13,-23801.6,-23801.4
3,0.14,-23802.2,-23801.9
3,0.15,-23802.8,-23802.6
3,0.16,-23803.6,-23803.4
3,0.17,-23804.4,-23804.3
3,0.18,-23805.4,-23805.2
3,0.19,-23806.4,-23806.3
3,0.2,-23807.5,-23807.5
3,0.21,-23808.6,-23808.7
3,0.22,-23809.9,-23810.1
3,0.23,-23811.2,-23811.5
3,0.24,-23812.5,-23812.9
3,0.25,-23814,-23814.4
3,0.26,-23815.4,-23816
3,0.27,-23817,-23817.7
3,0.28,-23818.6,-23819.4
3,0.29,-23820.2,-23821.1
3,0.3,-23821.9,-23822.9
3,0.31,-23823.6,-23824.7
3,0.32,-23825.3,-23826.5
3,0.33,-23827.1,-23828.4
3,0.34,-23829,-23830.3
3,0.35,-23830.9,-23832.2
3,0.36,-23832.8,-23834.2
3,0.37,-23834.7,-23836.2
3,0.38,-23836.7,-23838.1
3,0.39,-23838.7,-23840.1
3,0.4,-23840.8,-23842.2
3,0.41,-23842.8,-23844.2
3,0.42,-23844.9,-23846.2
3,0.43,-23847,-23848.3
3,0.44,-23849.2,-23850.3
3,0.45,-23851.4,-23852.3
3,0.46,-23853.6,-23854.4
3,0.47,-23855.8,-23856.4
3,0.48,-23858,-23858.5
3,0.49,-23860.3,-23860.5
3,0.5,-23862.5,-23862.5
3,0.51,-23864.8,-23864.6
3,0.52,-23867.2,-23866.6
3,0.53,-23869.5,-23868.6
3,0.54,-23871.8,-23870.6
3,0.55,-23874.2,-23872.6
3,0.56,-23876.6,-23874.6
3,0.57,-23879,-23876.6
3,0.58,-23881.4,-23878.5
3,0.59,-23883.8,-23880.5
3,0.6,-23886.2,-23882.4
3,0.61,-23888.7,-23884.3
3,0.62,-23891.1,-23886.2
3,0.63,-23893.6,-23888.1
3,0.64,-23896.1,-23890
3,0.65,-23898.6,-23891.8
3,0.66,-23901.1,-23893.7
3,0.67,-23903.6,-23895.5
3,0.68,-23906.1,-23897.3
3,0.69,-23908.6,-23899.1
3,0.7,-23911.2,-23900.9
3,0.71,-23913.7,-23902.6
3,0.72,-23916.2,-23904.3
3,0.73,-23918.8,-23906.1
3,0.74,-23921.4,-23907.7
3,0.75,-23923.9,-23909.4
3,0.76,-23926.5,-23911.1
3,0.77,-23929.1,-23912.7
3,0.78,-23931.7,-23914.3
3,0.79,-23934.2,-23915.9
3,0.8,-23936.8,-23917.5
3,0.81,-23939.4,-23919.1
3,0.82,-23942,-23920.6
3,0.83,-23944.6,-23922.1
3,0.84,-23947.2,-23923.6
3,0.85,-23949.8,-23925.1
3,0.86,-23952.5,-23926.5
3,0.87,-23955.1,-23928
3,0.88,-23957.7,-23929.4
3,0.89,-23960.3,-23930.8
3,0.9,-23962.9,-23932.2
3,0.91,-23965.5,-23933.5
3,0.92,-23968.2,-23934.9
3,0.93,-23970.8,-23936.2
3,0.94,-23973.4,-23937.5
3,0.95,-23976,-23938.8
3,0.96,-23978.7,-23940.1
3,0.97,-23981.3,-23941.3
3,0.98,-23983.9,-23942.5
3,0.99,-23986.5,-23943.7
4,0.02,-24843.6,-24496.8
4,0.04,-24671.5,-24447.9
4,0.06,-24552.2,-24401.9
4,0.08,-24460.6,-24358.7
4,0.1,-24386.4,-24318.1
4,0.12,-24324.4,-24279.9
4,0.14,-24271.4,-24244.1
4,0.16,-24225.5,-24210.4
4,0.18,-24185.1,-24178.9
4,0.2,-24149.2,-24149.2
4,0.22,-24117.2,-24121.5
4,0.24,-24088.5,-24095.5
4,0.26,-24062.5,-24071.2
4,0.28,-24038.9,-24048.4
4,0.3,-24017.5,-24027.1
4,0.32,-23997.9,-24007.2
4,0.34,-23980,-23988.7
4,0.36,-23963.6,-23971.4
4,0.38,-23948.6,-23955.3
4,0.4,-23934.7,-23940.4
4,0.42,-23922,-23926.5
4,0.44,-23910.3,-23913.6
4,0.46,-23899.5,-23901.7
4,0.48,-23889.6,-23890.6
4,0.5,-23880.5,-23880.5
4,0.52,-23872.1,-23871.1
4,0.54,-23864.3,-23862.5
4,0.56,-23857.2,-23854.6
4,0.58,-23850.7,-23847.4
4,0.6,-23844.7,-23840.9
4,0.62,-23839.3,-23834.9
4,0.64,-23834.3,-23829.5
4,0.66,-23829.7,-23824.7
4,0.68,-23825.6,-23820.4
4,0.7,-23821.9,-23816.5
4,0.72,-23818.5,-23813.1
4,0.74,-23815.5,-23810.2
4,0.76,-23812.8,-23807.6
4,0.78,-23810.5,-23805.4
4,0.8,-23808.4,-23803.6
4,0.82,-23806.6,-23802.1
4,0.84,-23805,-23800.9
4,0.86,-23803.8,-23800
4,0.88,-23802.7,-23799.4
4,0.9,-23801.9,-23799.1
4,0.92,-23801.3,-23799
4,0.94,-23800.8,-23799.1
4,0.96,-23800.6,-23799.4
4,0.98,-23800.6,-23800
4,1,-23800.7,-23800.7
4,1.02,-23801,-23801.6
4,1.04,-23801.5,-23802.7
4,1.06,-23802.1,-23803.9
4,1.08,-23802.8,-23805.2
4,1.1,-23803.7,-23806.7
4,1.12,-23804.7,-23808.3
4,1.14,-23805.8,-23810.1
4,1.16,-23807.1,-23811.9
4,1.18,-23808.4,-23813.8
4,1.2,-23809.9,-23815.8
4,1.22,-23811.4,-23817.9
4,1.24,-23813.1,-23820
4,1.26,-23814.8,-23822.2
4,1.28,-23816.6,-23824.5
4,1.3,-23818.6,-23826.8
4,1.32,-23820.5,-23829.2
4,1.34,-23822.6,-23831.6
4,1.36,-23824.7,-23834.1
4,1.38,-23826.9,-23836.6
4,1.4,-23829.2,-23839.1
4,1.42,-23831.5,-23841.6
4,1.44,-23833.9,-23844.2
4,1.46,-23836.3,-23846.8
4,1.48,-23838.8,-23849.4
4,1.5,-23841.4,-23852
4,1.52,-23843.9,-23854.6
4,1.54,-23846.6,-23857.2
4,1.56,-23849.2,-23859.9
4,1.58,-23851.9,-23862.5
4,1.6,-23854.7,-23865.1
4,1.62,-23857.4,-23867.7
4,1.64,-23860.2,-23870.3
4,1.66,-23863.1,-23872.9
4,1.68,-23865.9,-23875.5
4,1.7,-23868.8,-23878.1
4,1.72,-23871.7,-23880.6
4,1.74,-23874.7,-23883.2
4,1.76,-23877.6,-23885.7
4,1.78,-23880.6,-23888.2
4,1.8,-23883.6,-23890.7
4,1.82,-23886.6,-23893.2
4,1.84,-23889.7,-23895.6
4,1.86,-23892.7,-23898.1
4,1.88,-23895.8,-23900.5
4,1.9,-23898.9,-23902.8
4,1.92,-23901.9,-23905.2
4,1.94,-23905,-23907.5
4,1.96,-23908.1,-23909.8
4,1.98,-23911.2,-23912.1
5,0.01,-23853.1,-23849
5,0.02,-23848.8,-23845.7
5,0.03,-23844.9,-23842.6
5,0.04,-23841.3,-23839.5
5,0.05,-23837.9,-23836.7
5,0.06,-23834.8,-23833.9
5,0.07,-23831.9,-23831.3
5,0.08,-23829.2,-23828.9
5,0.09,-23826.6,-23826.5
5,0.1,-23824.3,-23824.3
5,0.11,-23822.1,-23822.2
5,0.12,-23820.1,-23820.2
5,0.13,-23818.2,-23818.4
5,0.14,-23816.4,-23816.6
5,0.15,-23814.8,-23815
5,0.16,-23813.3,-23813.4
5,0.17,-23811.8,-23812
5,0.18,-23810.5,-23810.6
5,0.19,-23809.3,-23809.4
5,0.2,-23808.2,-23808.2
5,0.21,-23807.2,-23807.1
5,0.22,-23806.3,-23806.2
5,0.23,-23805.4,-23805.3
5,0.24,-23804.6,-23804.4
5,0.25,-23804,-23803.7
5,0.26,-23803.3,-23803
5,0.27,-23802.8,-23802.4
5,0.28,-23802.3,-23801.9
5,0.29,-23801.9,-23801.5
5,0.3,-23801.5,-23801.1
5,0.31,-23801.2,-23800.8
5,0.32,-23801,-23800.5
5,0.33,-23800.8,-23800.3
5,0.34,-23800.7,-23800.2
5,0.35,-23800.6,-23800.1
5,0.36,-23800.6,-23800.1
5,0.37,-23800.6,-23800.1
5,0.38,-23800.7,-23800.2
5,0.39,-23800.8,-23800.3
5,0.4,-23800.9,-23800.5
5,0.41,-23801.1,-23800.7
5,0.42,-23801.4,-23801
5,0.43,-23801.6,-23801.3
5,0.44,-23802,-23801.7
5,0.45,-23802.3,-23802.1
5,0.46,-23802.7,-23802.5
5,0.47,-23803.1,-23803
5,0.48,-23803.6,-23803.5
5,0.49,-23804.1,-23804
5,0.5,-23804.6,-23804.6
5,0.51,-23805.1,-23805.2
5,0.52,-23805.7,-23805.8
5,0.53,-23806.3,-23806.5
5,0.54,-23807,-23807.2
5,0.55,-23807.6,-23807.9
5,0.56,-23808.3,-23808.7
5,0.57,-23809,-23809.5
5,0.58,-23809.8,-23810.3
5,0.59,-23810.5,-23811.1
5,0.6,-23811.3,-23811.9
5,0.61,-23812.1,-23812.8
5,0.62,-23813,-23813.7
5,0.63,-23813.8,-23814.6
5,0.64,-23814.7,-23815.5
5,0.65,-23815.6,-23816.5
5,0.66,-23816.5,-23817.4
5,0.67,-23817.4,-23818.4
5,0.68,-23818.4,-23819.4
5,0.69,-23819.3,-23820.4
5,0.7,-23820.3,-23821.4
5,0.71,-23821.3,-23822.5
5,0.72,-23822.3,-23823.5
5,0.73,-23823.4,-23824.6
5,0.74,-23824.4,-23825.7
5,0.75,-23825.5,-23826.7
5,0.76,-23826.6,-23827.8
5,0.77,-23827.7,-23828.9
5,0.78,-23828.8,-23830
5,0.79,-23829.9,-23831.2
5,0.8,-23831,-23832.3
5,0.81,-23832.2,-23833.4
5,0.82,-23833.3,-23834.6
5,0.83,-23834.5,-23835.7
5,0.84,-23835.7,-23836.9
5,0.85,-23836.8,-23838
5,0.86,-23838,-23839.2
5,0.87,-23839.2,-23840.4
5,0.88,-23840.5,-23841.5
5,0.89,-23841.7,-23842.7
5,0.9,-23842.9,-23843.9
5,0.91,-23844.2,-23845.1
5,0.92,-23845.4,-23846.3
5,0.93,-23846.7,-23847.4
5,0.94,-23848,-23848.6
5,0.95,-23849.3,-23849.8
5,0.96,-23850.6,-23851
5,0.97,-23851.8,-23852.2
5,0.98,-23853.2,-23853.4
5,0.99,-23854.5,-23854.6
6,0.02,-24000.2,-23967.3
6,0.04,-23979.4,-23955
6,0.06,-23961.3,-23943.4
6,0.08,-23945.5,-23932.5
6,0.1,-23931.3,-23922.1
6,0.12,-23918.6,-23912.4
6,0.14,-23907.2,-23903.2
6,0.16,-23896.8,-23894.5
6,0.18,-23887.3,-23886.4
6,0.2,-23878.7,-23878.7
6,0.22,-23870.8,-23871.5
6,0.24,-23863.6,-23864.8
6,0.26,-23857,-23858.5
6,0.28,-23851,-23852.6
6,0.3,-23845.4,-23847.1
6,0.32,-23840.3,-23842
6,0.34,-23835.7,-23837.3
6,0.36,-23831.5,-23832.9
6,0.38,-23827.6,-23828.9
6,0.4,-23824.1,-23825.2
6,0.42,-23820.9,-23821.7
6,0.44,-23818,-23818.6
6,0.46,-23815.3,-23815.8
6,0.48,-23813,-23813.2
6,0.5,-23810.9,-23810.9
6,0.52,-23809,-23808.8
6,0.54,-23807.3,-23807
6,0.56,-23805.9,-23805.3
6,0.58,-23804.6,-23803.9
6,0.6,-23803.6,-23802.7
6,0.62,-23802.7,-23801.7
6,0.64,-23802,-23800.9
6,0.66,-23801.4,-23800.3
6,0.68,-23801,-23799.8
6,0.7,-23800.7,-23799.5
6,0.72,-23800.6,-23799.3
6,0.74,-23800.6,-23799.3
6,0.76,-23800.7,-23799.5
6,0.78,-23800.9,-23799.7
6,0.8,-23801.3,-23800.1
6,0.82,-23801.7,-23800.6
6,0.84,-23802.3,-23801.2
6,0.86,-23802.9,-23802
6,0.88,-23803.6,-23802.8
6,0.9,-23804.4,-23803.7
6,0.92,-23805.3,-23804.8
6,0.94,-23806.3,-23805.9
6,0.96,-23807.4,-23807.1
6,0.98,-23808.5,-23808.3
6,1,-23809.7,-23809.7
6,1.02,-23810.9,-23811.1
6,1.04,-23812.2,-23812.5
6,1.06,-23813.6,-23814.1
6,1.08,-23815,-23815.7
6,1.1,-23816.5,-23817.3
6,1.12,-23818,-23819
6,1.14,-23819.6,-23820.7
6,1.16,-23821.2,-23822.5
6,1.18,-23822.9,-23824.4
6,1.2,-23824.6,-23826.2
6,1.22,-23826.3,-23828.1
6,1.24,-23828.1,-23830
6,1.26,-23829.9,-23832
6,1.28,-23831.8,-23834
6,1.3,-23833.7,-23836
6,1.32,-23835.6,-23838
6,1.34,-23837.5,-23840.1
6,1.36,-23839.5,-23842.2
6,1.38,-23841.5,-23844.3
6,1.4,-23843.5,-23846.4
6,1.42,-23845.5,-23848.5
6,1.44,-23847.6,-23850.6
6,1.46,-23849.7,-23852.8
6,1.48,-23851.8,-23854.9
6,1.5,-23853.9,-23857.1
6,1.52,-23856,-23859.2
6,1.54,-23858.2,-23861.4
6,1.56,-23860.3,-23863.6
6,1.58,-23862.5,-23865.7
6,1.6,-23864.7,-23867.9
6,1.62,-23866.9,-23870.1
6,1.64,-23869.1,-23872.3
6,1.66,-23871.3,-23874.4
6,1.68,-23873.6,-23876.6
6,1.7,-23875.8,-23878.7
6,1.72,-23878,-23880.9
6,1.74,-23880.3,-23883
6,1.76,-23882.6,-23885.2
6,1.78,-23884.8,-23887.3
6,1.8,-23887.1,-23889.4
6,1.82,-23889.4,-23891.5
6,1.84,-23891.7,-23893.6
6,1.86,-23893.9,-23895.7
6,1.88,-23896.2,-23897.8
6,1.9,-23898.5,-23899.8
6,1.92,-23900.8,-23901.9
6,1.94,-23903.1,-23903.9
6,1.96,-23905.4,-23905.9
6,1.98,-23907.7,-23908
7,0.01,-23833.5,-23830.5
7,0.02,-23829.9,-23827.7
7,0.03,-23826.7,-23825.1
7,0.04,-23823.8,-23822.6
7,0.05,-23821.1,-23820.3
7,0.06,-23818.7,-23818.2
7,0.07,-23816.5,-23816.2
7,0.08,-23814.5,-23814.4
7,0.09,-23812.7,-23812.6
7,0.1,-23811.1,-23811.1
7,0.11,-23809.6,-23809.6
7,0.12,-23808.2,-23808.3
7,0.13,-23807,-23807.1
7,0.14,-23805.9,-23806
7,0.15,-23804.9,-23805
7,0.16,-23804.1,-23804.2
7,0.17,-23803.3,-23803.4
7,0.18,-23802.7,-23802.7
7,0.19,-23802.1,-23802.2
7,0.2,-23801.7,-23801.7
7,0.21,-23801.3,-23801.3
7,0.22,-23801,-23801
7,0.23,-23800.8,-23800.7
7,0.24,-23800.6,-23800.6
7,0.25,-23800.6,-23800.5
7,0.26,-23800.6,-23800.5
7,0.27,-23800.7,-23800.6
7,0.28,-23800.8,-23800.7
7,0.29,-23801,-23800.9
7,0.3,-23801.2,-23801.2
7,0.31,-23801.5,-23801.5
7,0.32,-23801.9,-23801.9
7,0.33,-23802.3,-23802.3
7,0.34,-23802.8,-23802.8
7,0.35,-23803.3,-23803.3
7,0.36,-23803.9,-23803.9
7,0.37,-23804.5,-23804.5
7,0.38,-23805.1,-23805.2
7,0.39,-23805.8,-23805.9
7,0.4,-23806.5,-23806.6
7,0.41,-23807.3,-23807.4
7,0.42,-23808.1,-23808.2
7,0.43,-23809,-23809
7,0.44,-23809.8,-23809.9
7,0.45,-23810.7,-23810.8
7,0.46,-23811.7,-23811.8
7,0.47,-23812.7,-23812.7
7,0.48,-23813.7,-23813.7
7,0.49,-23814.7,-23814.7
7,0.5,-23815.8,-23815.8
7,0.51,-23816.9,-23816.8
7,0.52,-23818,-23817.9
7,0.53,-23819.1,-23819
7,0.54,-23820.3,-23820.1
7,0.55,-23821.5,-23821.3
7,0.56,-23822.7,-23822.4
7,0.57,-23823.9,-23823.6
7,0.58,-23825.2,-23824.7
7,0.59,-23826.5,-23825.9
7,0.6,-23827.8,-23827.1
7,0.61,-23829.1,-23828.4
7,0.62,-23830.4,-23829.6
7,0.63,-23831.8,-23830.8
7,0.64,-23833.2,-23832.1
7,0.65,-23834.6,-23833.3
7,0.66,-23836,-23834.6
7,0.67,-23837.4,-23835.8
7,0.68,-23838.9,-23837.1
7,0.69,-23840.3,-23838.4
7,0.7,-23841.8,-23839.6
7,0.71,-23843.3,-23840.9
7,0.72,-23844.8,-23842.2
7,0.73,-23846.3,-23843.5
7,0.74,-23847.8,-23844.8
7,0.75,-23849.4,-23846.1
7,0.76,-23850.9,-23847.4
7,0.77,-23852.5,-23848.7
7,0.78,-23854.1,-23849.9
7,0.79,-23855.7,-23851.2
7,0.8,-23857.3,-23852.5
7,0.81,-23858.9,-23853.8
7,0.82,-23860.5,-23855.1
7,0.83,-23862.1,-23856.4
7,0.84,-23863.7,-23857.6
7,0.85,-23865.4,-23858.9
7,0.86,-23867,-23860.2
7,0.87,-23868.7,-23861.5
7,0.88,-23870.4,-23862.7
7,0.89,-23872.1,-23864
7,0.9,-23873.7,-23865.2
7,0.91,-23875.4,-23866.5
7,0.92,-23877.1,-23867.7
7,0.93,-23878.8,-23869
7,0.94,-23880.6,-23870.2
7,0.95,-23882.3,-23871.4
7,0.96,-23884,-23872.7
7,0.97,-23885.7,-23873.9
7,0.98,-23887.5,-23875.1
7,0.99,-23889.2,-23876.3
8,0.02,-24083.3,-24029.5
8,0.04,-24052.3,-24013.4
8,0.06,-24026.3,-23998.3
8,0.08,-24004,-23983.9
8,0.1,-23984.4,-23970.4
8,0.12,-23967.1,-23957.6
8,0.14,-23951.5,-23945.5
8,0.16,-23937.5,-23934.1
8,0.18,-23924.8,-23923.4
8,0.2,-23913.3,-23913.3
8,0.22,-23902.8,-23903.8
8,0.24,-23893.2,-23894.9
8,0.26,-23884.4,-23886.5
8,0.28,-23876.3,-23878.7
8,0.3,-23868.9,-23871.3
8,0.32,-23862,-23864.5
8,0.34,-23855.8,-23858.1
8,0.36,-23850,-23852.1
8,0.38,-23844.7,-23846.6
8,0.4,-23839.9,-23841.4
8,0.42,-23835.4,-23836.7
8,0.44,-23831.3,-23832.3
8,0.46,-23827.6,-23828.2
8,0.48,-23824.2,-23824.5
8,0.5,-23821.1,-23821.1
8,0.52,-23818.2,-23818
8,0.54,-23815.7,-23815.1
8,0.56,-23813.4,-23812.6
8,0.58,-23811.3,-23810.3
8,0.6,-23809.4,-23808.3
8,0.62,-23807.8,-23806.5
8,0.64,-23806.3,-23804.9
8,0.66,-23805.1,-23803.5
8,0.68,-23804,-23802.4
8,0.7,-23803.1,-23801.4
8,0.72,-23802.3,-23800.6
8,0.74,-23801.7,-23800
8,0.76,-23801.2,-23799.5
8,0.78,-23800.9,-23799.3
8,0.8,-23800.7,-23799.1
8,0.82,-23800.6,-23799.1
8,0.84,-23800.6,-23799.3
8,0.86,-23800.7,-23799.5
8,0.88,-23801,-23799.9
8,0.9,-23801.3,-23800.4
8,0.92,-23801.8,-23801
8,0.94,-23802.3,-23801.7
8,0.96,-23802.9,-23802.5
8,0.98,-23803.6,-23803.4
8,1,-23804.4,-23804.4
8,1.02,-23805.2,-23805.4
8,1.04,-23806.2,-23806.6
8,1.06,-23807.1,-23807.8
8,1.08,-23808.2,-23809
8,1.1,-23809.3,-23810.4
8,1.12,-23810.5,-23811.8
8,1.14,-23811.7,-23813.2
8,1.16,-23813,-23814.7
8,1.18,-23814.3,-23816.2
8,1.2,-23815.7,-23817.8
8,1.22,-23817.1,-23819.4
8,1.24,-23818.6,-23821.1
8,1.26,-23820.1,-23822.8
8,1.28,-23821.6,-23824.5
8,1.3,-23823.2,-23826.2
8,1.32,-23824.8,-23828
8,1.34,-23826.5,-23829.8
8,1.36,-23828.2,-23831.6
8,1.38,-23829.9,-23833.5
8,1.4,-23831.6,-23835.3
8,1.42,-23833.4,-23837.2
8,1.44,-23835.2,-23839.1
8,1.46,-23837,-23841
8,1.48,-23838.8,-23842.9
8,1.5,-23840.7,-23844.8
8,1.52,-23842.6,-23846.7
8,1.54,-23844.5,-23848.6
8,1.56,-23846.4,-23850.5
8,1.58,-23848.4,-23852.5
8,1.6,-23850.3,-23854.4
8,1.62,-23852.3,-23856.3
8,1.64,-23854.3,-23858.3
8,1.66,-23856.3,-23860.2
8,1.68,-23858.3,-23862.1
8,1.7,-23860.3,-23864
8,1.72,-23862.4,-23865.9
8,1.74,-23864.4,-23867.8
8,1.76,-23866.5,-23869.7
8,1.78,-23868.5,-23871.6
8,1.8,-23870.6,-23873.5
8,1.82,-23872.7,-23875.3
8,1.84,-23874.8,-23877.2
8,1.86,-23876.9,-23879
8,1.88,-23878.9,-23880.9
8,1.9,-23881,-23882.7
8,1.92,-23883.2,-23884.5
8,1.94,-23885.3,-23886.3
8,1.96,-23887.4,-23888.1
8,1.98,-23889.5,-23889.8
9,0.01,-24096.9,-24064.4
9,0.02,-24073.8,-24050.5
9,0.03,-24053.9,-24037.2
9,0.04,-24036.4,-24024.6
9,0.05,-24020.7,-24012.5
9,0.06,-24006.4,-24000.9
9,0.07,-23993.3,-23989.9
9,0.08,-23981.3,-23979.4
9,0.09,-23970.1,-23969.4
9,0.1,-23959.8,-23959.8
9,0.11,-23950.2,-23950.7
9,0.12,-23941.2,-23942
9,0.13,-23932.7,-23933.7
9,0.14,-23924.8,-23925.8
9,0.15,-23917.3,-23918.3
9,0.16,-23910.3,-23911.2
9,0.17,-23903.7,-23904.4
9,0.18,-23897.4,-23897.9
9,0.19,-23891.5,-23891.8
9,0.2,-23886,-23886
9,0.21,-23880.7,-23880.4
9,0.22,-23875.7,-23875.2
9,0.23,-23870.9,-23870.2
9,0.24,-23866.4,-23865.5
9,0.25,-23862.2,-23861
9,0.26,-23858.2,-23856.8
9,0.27,-23854.3,-23852.8
9,0.28,-23850.7,-23849
9,0.29,-23847.3,-23845.4
9,0.3,-23844,-23842.1
9,0.31,-23840.9,-23838.9
9,0.32,-23838,-23835.9
9,0.33,-23835.2,-23833.1
9,0.34,-23832.6,-23830.5
9,0.35,-23830.1,-23828
9,0.36,-23827.8,-23825.7
9,0.37,-23825.6,-23823.6
9,0.38,-23823.5,-23821.6
9,0.39,-23821.5,-23819.7
9,0.4,-23819.7,-23817.9
9,0.41,-23817.9,-23816.3
9,0.42,-23816.3,-23814.8
9,0.43,-23814.8,-23813.4
9,0.44,-23813.3,-23812.1
9,0.45,-23812,-23811
9,0.46,-23810.7,-23809.9
9,0.47,-23809.5,-23808.9
9,0.48,-23808.5,-23808
9,0.49,-23807.5,-23807.3
9,0.5,-23806.5,-23806.5
9,0.51,-23805.7,-23805.9
9,0.52,-23804.9,-23805.4
9,0.53,-23804.2,-23804.9
9,0.54,-23803.6,-23804.5
9,0.55,-23803,-23804.1
9,0.56,-23802.5,-23803.8
9,0.57,-23802.1,-23803.6
9,0.58,-23801.7,-23803.4
9,0.59,-23801.4,-23803.3
9,0.6,-23801.1,-23803.3
9,0.61,-23800.9,-23803.2
9,0.62,-23800.7,-23803.3
9,0.63,-23800.6,-23803.3
9,0.64,-23800.6,-23803.5
9,0.65,-23800.6,-23803.6
9,0.66,-23800.6,-23803.8
9,0.67,-23800.7,-23804
9,0.68,-23800.8,-23804.3
9,0.69,-23801,-23804.6
9,0.7,-23801.2,-23804.9
9,0.71,-23801.5,-23805.3
9,0.72,-23801.8,-23805.7
9,0.73,-23802.1,-23806.1
9,0.74,-23802.5,-23806.5
9,0.75,-23802.9,-23806.9
9,0.76,-23803.3,-23807.4
9,0.77,-23803.8,-23807.9
9,0.78,-23804.3,-23808.4
9,0.79,-23804.8,-23808.9
9,0.8,-23805.4,-23809.5
9,0.81,-23806,-23810
9,0.82,-23806.6,-23810.6
9,0.83,-23807.3,-23811.2
9,0.84,-23807.9,-23811.7
9,0.85,-23808.7,-23812.3
9,0.86,-23809.4,-23813
9,0.87,-23810.2,-23813.6
9,0.88,-23810.9,-23814.2
9,0.89,-23811.8,-23814.8
9,0.9,-23812.6,-23815.5
9,0.91,-23813.4,-23816.1
9,0.92,-23814.3,-23816.8
9,0.93,-23815.2,-23817.4
9,0.94,-23816.2,-23818.1
9,0.95,-23817.1,-23818.8
9,0.96,-23818.1,-23819.4
9,0.97,-23819,-23820.1
9,0.98,-23820,-23820.8
9,0.99,-23821.1,-23821.4
10,0.01,-23813.2,-23812.4
10,0.02,-23811.6,-23811
10,0.03,-23810.2,-23809.7
10,0.04,-23808.9,-23808.5
10,0.05,-23807.7,-23807.4
10,0.06,-23806.6,-23806.5
10,0.07,-23805.7,-23805.5
10,0.08,-23804.8,-23804.7
10,0.09,-23804,-23804
10,0.1,-23803.3,-23803.3
10,0.11,-23802.7,-23802.7
10,0.12,-23802.2,-23802.2
10,0.13,-23801.8,-23801.8
10,0.14,-23801.4,-23801.4
10,0.15,-23801.1,-23801.1
10,0.16,-23800.9,-23800.9
10,0.17,-23800.7,-23800.7
10,0.18,-23800.6,-23800.6
10,0.19,-23800.6,-23800.6
10,0.2,-23800.6,-23800.6
10,0.21,-23800.7,-23800.7
10,0.22,-23800.8,-23800.8
10,0.23,-23801,-23801
10,0.24,-23801.2,-23801.2
10,0.25,-23801.5,-23801.4
10,0.26,-23801.8,-23801.8
10,0.27,-23802.2,-23802.1
10,0.28,-23802.6,-23802.5
10,0.29,-23803,-23803
10,0.3,-23803.5,-23803.5
10,0.31,-23804,-23804
10,0.32,-23804.6,-23804.6
10,0.33,-23805.2,-23805.2
10,0.34,-23805.8,-23805.8
10,0.35,-23806.5,-23806.5
10,0.36,-23807.2,-23807.2
10,0.37,-23807.9,-23807.9
10,0.38,-23808.6,-23808.7
10,0.39,-23809.4,-23809.5
10,0.4,-23810.2,-23810.3
10,0.41,-23811.1,-23811.1
10,0.42,-23812,-23812
10,0.43,-23812.8,-23812.9
10,0.44,-23813.8,-23813.8
10,0.45,-23814.7,-23814.7
10,0.46,-23815.7,-23815.7
10,0.47,-23816.7,-23816.7
10,0.48,-23817.7,-23817.7
10,0.49,-23818.7,-23818.7
10,0.5,-23819.7,-23819.7
10,0.51,-23820.8,-23820.8
10,0.52,-23821.9,-23821.9
10,0.53,-23823,-23823
10,0.54,-23824.1,-23824.1
10,0.55,-23825.3,-23825.2
10,0.56,-23826.4,-23826.3
10,0.57,-23827.6,-23827.4
10,0.58,-23828.8,-23828.6
10,0.59,-23830,-23829.8
10,0.6,-23831.2,-23830.9
10,0.61,-23832.5,-23832.1
10,0.62,-23833.7,-23833.3
10,0.63,-23835,-23834.5
10,0.64,-23836.3,-23835.7
10,0.65,-23837.5,-23836.9
10,0.66,-23838.8,-23838.1
10,0.67,-23840.2,-23839.4
10,0.68,-23841.5,-23840.6
10,0.69,-23842.8,-23841.8
10,0.7,-23844.2,-23843.1
10,0.71,-23845.5,-23844.3
10,0.72,-23846.9,-23845.6
10,0.73,-23848.3,-23846.8
10,0.74,-23849.6,-23848.1
10,0.75,-23851,-23849.4
10,0.76,-23852.4,-23850.6
10,0.77,-23853.8,-23851.9
10,0.78,-23855.3,-23853.2
10,0.79,-23856.7,-23854.4
10,0.8,-23858.1,-23855.7
10,0.81,-23859.6,-23857
10,0.82,-23861,-23858.2
10,0.83,-23862.5,-23859.5
10,0.84,-23863.9,-23860.8
10,0.85,-23865.4,-23862
10,0.86,-23866.9,-23863.3
10,0.87,-23868.3,-23864.6
10,0.88,-23869.8,-23865.8
10,0.89,-23871.3,-23867.1
10,0.9,-23872.8,-23868.4
10,0.91,-23874.3,-23869.6
10,0.92,-23875.8,-23870.9
10,0.93,-23877.3,-23872.1
10,0.94,-23878.8,-23873.4
10,0.95,-23880.3,-23874.6
10,0.96,-23881.9,-23875.9
10,0.97,-23883.4,-23877.1
10,0.98,-23884.9,-23878.4
10,0.99,-23886.5,-23879.6
11,0.01,-23864.5,-23858.1
11,0.02,-23857.9,-23853.2
11,0.03,-23852,-23848.7
11,0.04,-23846.8,-23844.4
11,0.05,-23842,-23840.4
11,0.06,-23837.7,-23836.7
11,0.07,-23833.8,-23833.1
11,0.08,-23830.2,-23829.9
11,0.09,-23826.9,-23826.8
11,0.1,-23824,-23824
11,0.11,-23821.2,-23821.3
11,0.12,-23818.7,-23818.9
11,0.13,-23816.4,-23816.6
11,0.14,-23814.4,-23814.5
11,0.15,-23812.5,-23812.6
11,0.16,-23810.8,-23810.9
11,0.17,-23809.2,-23809.3
11,0.18,-23807.8,-23807.9
11,0.19,-23806.6,-23806.6
11,0.2,-23805.5,-23805.5
11,0.21,-23804.5,-23804.5
11,0.22,-23803.6,-23803.6
11,0.23,-23802.9,-23802.8
11,0.24,-23802.3,-23802.2
11,0.25,-23801.7,-23801.6
11,0.26,-23801.3,-23801.2
11,0.27,-23801,-23800.9
11,0.28,-23800.8,-23800.7
11,0.29,-23800.6,-23800.5
11,0.3,-23800.6,-23800.5
11,0.31,-23800.6,-23800.5
11,0.32,-23800.7,-23800.6
11,0.33,-23800.9,-23800.8
11,0.34,-23801.1,-23801.1
11,0.35,-23801.4,-23801.4
11,0.36,-23801.8,-23801.8
11,0.37,-23802.3,-23802.3
11,0.38,-23802.8,-23802.8
11,0.39,-23803.3,-23803.4
11,0.4,-23803.9,-23804
11,0.41,-23804.6,-23804.7
11,0.42,-23805.3,-23805.5
11,0.43,-23806.1,-23806.2
11,0.44,-23806.9,-23807.1
11,0.45,-23807.8,-23807.9
11,0.46,-23808.7,-23808.8
11,0.47,-23809.6,-23809.8
11,0.48,-23810.6,-23810.7
11,0.49,-23811.7,-23811.7
11,0.5,-23812.8,-23812.8
11,0.51,-23813.9,-23813.8
11,0.52,-23815,-23814.9
11,0.53,-23816.2,-23816
11,0.54,-23817.4,-23817.1
11,0.55,-23818.7,-23818.3
11,0.56,-23820,-23819.5
11,0.57,-23821.3,-23820.7
11,0.58,-23822.6,-23821.9
11,0.59,-23824,-23823.1
11,0.6,-23825.4,-23824.3
11,0.61,-23826.8,-23825.6
11,0.62,-23828.3,-23826.8
11,0.63,-23829.7,-23828.1
11,0.64,-23831.2,-23829.4
11,0.65,-23832.8,-23830.7
11,0.66,-23834.3,-23832
11,0.67,-23835.9,-23833.3
11,0.68,-23837.5,-23834.6
11,0.69,-23839.1,-23835.9
11,0.7,-23840.7,-23837.2
11,0.71,-23842.4,-23838.5
11,0.72,-23844,-23839.8
11,0.73,-23845.7,-23841.2
11,0.74,-23847.4,-23842.5
11,0.75,-23849.1,-23843.8
11,0.76,-23850.9,-23845.1
11,0.77,-23852.6,-23846.4
11,0.78,-23854.4,-23847.8
11,0.79,-23856.2,-23849.1
11,0.8,-23858,-23850.4
11,0.81,-23859.8,-23851.7
11,0.82,-23861.6,-23853
11,0.83,-23863.4,-23854.3
11,0.84,-23865.3,-23855.6
11,0.85,-23867.1,-23856.9
11,0.86,-23869,-23858.2
11,0.87,-23870.9,-23859.5
11,0.88,-23872.8,-23860.7
11,0.89,-23874.7,-23862
11,0.9,-23876.6,-23863.2
11,0.91,-23878.5,-23864.5
11,0.92,-23880.4,-23865.7
11,0.93,-23882.4,-23867
11,0.94,-23884.3,-23868.2
11,0.95,-23886.3,-23869.4
11,0.96,-23888.2,-23870.6
11,0.97,-23890.2,-23871.8
11,0.98,-23892.2,-23873
11,0.99,-23894.1,-23874.2
12,0.02,-24338.9,-24200.7
12,0.04,-24267.4,-24172.1
12,0.06,-24211.9,-24145
12,0.08,-24166.3,-24119.5
12,0.1,-24127.7,-24095.5
12,0.12,-24094.3,-24072.9
12,0.14,-24065,-24051.6
12,0.16,-24039,-24031.6
12,0.18,-24015.9,-24012.7
12,0.2,-23995.1,-23995.1
12,0.22,-23976.3,-23978.5
12,0.24,-23959.3,-23963
12,0.26,-23943.9,-23948.4
12,0.28,-23929.8,-23934.8
12,0.3,-23917,-23922.1
12,0.32,-23905.3,-23910.3
12,0.34,-23894.5,-23899.2
12,0.36,-23884.7,-23889
12,0.38,-23875.7,-23879.5
12,0.4,-23867.5,-23870.6
12,0.42,-23860,-23862.5
12,0.44,-23853.1,-23854.9
12,0.46,-23846.8,-23848
12,0.48,-23841.1,-23841.7
12,0.5,-23835.8,-23835.8
12,0.52,-23831.1,-23830.5
12,0.54,-23826.8,-23825.7
12,0.56,-23822.9,-23821.4
12,0.58,-23819.4,-23817.5
12,0.6,-23816.3,-23814
12,0.62,-23813.5,-23810.9
12,0.64,-23811,-23808.2
12,0.66,-23808.9,-23805.9
12,0.68,-23807,-23803.9
12,0.7,-23805.4,-23802.2
12,0.72,-23804,-23800.8
12,0.74,-23802.9,-23799.7
12,0.76,-23802.1,-23798.9
12,0.78,-23801.4,-23798.3
12,0.8,-23800.9,-23798
12,0.82,-23800.7,-23797.9
12,0.84,-23800.6,-23798.1
12,0.86,-23800.7,-23798.4
12,0.88,-23800.9,-23798.9
12,0.9,-23801.3,-23799.6
12,0.92,-23801.9,-23800.5
12,0.94,-23802.6,-23801.5
12,0.96,-23803.4,-23802.7
12,0.98,-23804.4,-23804
12,1,-23805.5,-23805.5
12,1.02,-23806.7,-23807.1
12,1.04,-23808,-23808.8
12,1.06,-23809.4,-23810.6
12,1.08,-23811,-23812.5
12,1.1,-23812.6,-23814.5
12,1.12,-23814.3,-23816.6
12,1.14,-23816.1,-23818.8
12,1.16,-23817.9,-23821
12,1.18,-23819.9,-23823.3
12,1.2,-23821.9,-23825.7
12,1.22,-23824,-23828.2
12,1.24,-23826.2,-23830.6
12,1.26,-23828.4,-23833.2
12,1.28,-23830.7,-23835.8
12,1.3,-23833,-23838.4
12,1.32,-23835.4,-23841.1
12,1.34,-23837.8,-23843.8
12,1.36,-23840.3,-23846.5
12,1.38,-23842.9,-23849.2
12,1.4,-23845.4,-23852
12,1.42,-23848.1,-23854.8
12,1.44,-23850.7,-23857.6
12,1.46,-23853.4,-23860.4
12,1.48,-23856.2,-23863.2
12,1.5,-23858.9,-23866
12,1.52,-23861.7,-23868.9
12,1.54,-23864.5,-23871.7
12,1.56,-23867.4,-23874.6
12,1.58,-23870.3,-23877.4
12,1.6,-23873.2,-23880.2
12,1.62,-23876.1,-23883.1
12,1.64,-23879,-23885.9
12,1.66,-23882,-23888.7
12,1.68,-23885,-23891.5
12,1.7,-23888,-23894.3
12,1.72,-23891,-23897.1
12,1.74,-23894,-23899.8
12,1.76,-23897.1,-23902.6
12,1.78,-23900.1,-23905.3
12,1.8,-23903.2,-23908
12,1.82,-23906.2,-23910.7
12,1.84,-23909.3,-23913.4
12,1.86,-23912.4,-23916.1
12,1.88,-23915.5,-23918.7
12,1.9,-23918.6,-23921.3
12,1.92,-23921.7,-23923.9
12,1.94,-23924.8,-23926.5
12,1.96,-23927.9,-23929.1
12,1.98,-23931,-23931.6
13,0.02,-24163.5,-24081.3
13,0.04,-24119.2,-24061.5
13,0.06,-24083.8,-24042.9
13,0.08,-24054.1,-24025.2
13,0.1,-24028.6,-24008.6
13,0.12,-24006.2,-23992.9
13,0.14,-23986.5,-23978.1
13,0.16,-23968.8,-23964.1
13,0.18,-23953,-23951
13,0.2,-23938.7,-23938.7
13,0.22,-23925.7,-23927.1
13,0.24,-23913.9,-23916.2
13,0.26,-23903.1,-23906
13,0.28,-23893.3,-23896.5
13,0.3,-23884.2,-23887.6
13,0.32,-23876,-23879.2
13,0.34,-23868.4,-23871.5
13,0.36,-23861.5,-23864.2
13,0.38,-23855.1,-23857.5
13,0.4,-23849.2,-23851.2
13,0.42,-23843.8,-23845.5
13,0.44,-23838.9,-23840.1
13,0.46,-23834.4,-23835.2
13,0.48,-23830.3,-23830.7
13,0.5,-23826.5,-23826.5
13,0.52,-23823.1,-23822.7
13,0.54,-23820,-23819.3
13,0.56,-23817.2,-23816.2
13,0.58,-23814.6,-23813.4
13,0.6,-23812.3,-23810.8
13,0.62,-23810.3,-23808.6
13,0.64,-23808.5,-23806.6
13,0.66,-23806.9,-23804.9
13,0.68,-23805.5,-23803.5
13,0.7,-23804.3,-23802.2
13,0.72,-23803.3,-23801.2
13,0.74,-23802.5,-23800.3
13,0.76,-23801.8,-23799.7
13,0.78,-23801.3,-23799.2
13,0.8,-23800.9,-23799
13,0.82,-23800.7,-23798.8
13,0.84,-23800.6,-23798.9
13,0.86,-23800.6,-23799.1
13,0.88,-23800.7,-23799.4
13,0.9,-23801,-23799.8
13,0.92,-23801.4,-23800.4
13,0.94,-23801.8,-23801.1
13,0.96,-23802.4,-23801.9
13,0.98,-23803,-23802.8
13,1,-23803.8,-23803.8
13,1.02,-23804.6,-23804.9
13,1.04,-23805.5,-23806
13,1.06,-23806.5,-23807.3
13,1.08,-23807.5,-23808.6
13,1.1,-23808.7,-23810
13,1.12,-23809.8,-23811.4
13,1.14,-23811.1,-23812.9
13,1.16,-23812.4,-23814.5
13,1.18,-23813.8,-23816.1
13,1.2,-23815.2,-23817.8
13,1.22,-23816.6,-23819.5
13,1.24,-23818.1,-23821.2
13,1.26,-23819.7,-23823
13,1.28,-23821.3,-23824.8
13,1.3,-23822.9,-23826.6
13,1.32,-23824.6,-23828.5
13,1.34,-23826.3,-23830.4
13,1.36,-23828.1,-23832.3
13,1.38,-23829.9,-23834.3
13,1.4,-23831.7,-23836.2
13,1.42,-23833.6,-23838.2
13,1.44,-23835.4,-23840.2
13,1.46,-23837.3,-23842.1
13,1.48,-23839.3,-23844.1
13,1.5,-23841.2,-23846.1
13,1.52,-23843.2,-23848.1
13,1.54,-23845.2,-23850.2
13,1.56,-23847.2,-23852.2
13,1.58,-23849.2,-23854.2
13,1.6,-23851.3,-23856.2
13,1.62,-23853.4,-23858.2
13,1.64,-23855.5,-23860.2
13,1.66,-23857.6,-23862.2
13,1.68,-23859.7,-23864.2
13,1.7,-23861.8,-23866.2
13,1.72,-23863.9,-23868.2
13,1.74,-23866.1,-23870.1
13,1.76,-23868.2,-23872.1
13,1.78,-23870.4,-23874
13,1.8,-23872.6,-23876
13,1.82,-23874.7,-23877.9
13,1.84,-23876.9,-23879.8
13,1.86,-23879.1,-23881.7
13,1.88,-23881.3,-23883.6
13,1.9,-23883.5,-23885.5
13,1.92,-23885.7,-23887.3
13,1.94,-23887.9,-23889.2
13,1.96,-23890.1,-23891
13,1.98,-23892.4,-23892.8
14,0.01,-23881.3,-23855.7
14,0.02,-23866.3,-23849.3
14,0.03,-23855,-23843.5
14,0.04,-23845.9,-23838.1
14,0.05,-23838.4,-23833.2
14,0.06,-23832,-23828.7
14,0.07,-23826.6,-23824.6
14,0.08,-23822,-23820.9
14,0.09,-23818,-23817.6
14,0.1,-23814.6,-23814.6
14,0.11,-23811.7,-23812
14,0.12,-23809.2,-23809.6
14,0.13,-23807.1,-23807.6
14,0.14,-23805.4,-23805.9
14,0.15,-23804,-23804.4
14,0.16,-23802.8,-23803.2
14,0.17,-23801.9,-23802.2
14,0.18,-23801.3,-23801.5
14,0.19,-23800.8,-23800.9
14,0.2,-23800.6,-23800.6
14,0.21,-23800.6,-23800.5
14,0.22,-23800.7,-23800.6
14,0.23,-23801,-23800.8
14,0.24,-23801.5,-23801.2
14,0.25,-23802.1,-23801.8
14,0.26,-23802.8,-23802.5
14,0.27,-23803.7,-23803.4
14,0.28,-23804.6,-23804.3
14,0.29,-23805.7,-23805.5
14,0.3,-23806.9,-23806.7
14,0.31,-23808.2,-23808
14,0.32,-23809.6,-23809.4
14,0.33,-23811.1,-23811
14,0.34,-23812.6,-23812.6
14,0.35,-23814.3,-23814.3
14,0.36,-23816,-23816.1
14,0.37,-23817.8,-23817.9
14,0.38,-23819.7,-23819.9
14,0.39,-23821.6,-23821.8
14,0.4,-23823.6,-23823.9
14,0.41,-23825.7,-23826
14,0.42,-23827.8,-23828.1
14,0.43,-23830,-23830.3
14,0.44,-23832.2,-23832.5
14,0.45,-23834.5,-23834.8
14,0.46,-23836.8,-23837.1
14,0.47,-23839.2,-23839.4
14,0.48,-23841.6,-23841.8
14,0.49,-23844.1,-23844.2
14,0.5,-23846.6,-23846.6
14,0.51,-23849.1,-23849
14,0.52,-23851.7,-23851.5
14,0.53,-23854.3,-23853.9
14,0.54,-23857,-23856.4
14,0.55,-23859.7,-23858.9
14,0.56,-23862.4,-23861.3
14,0.57,-23865.1,-23863.8
14,0.58,-23867.9,-23866.3
14,0.59,-23870.7,-23868.8
14,0.6,-23873.5,-23871.3
14,0.61,-23876.4,-23873.8
14,0.62,-23879.3,-23876.3
14,0.63,-23882.2,-23878.8
14,0.64,-23885.1,-23881.2
14,0.65,-23888,-23883.7
14,0.66,-23891,-23886.2
14,0.67,-23894,-23888.6
14,0.68,-23897,-23891.1
14,0.69,-23900,-23893.5
14,0.7,-23903.1,-23895.9
14,0.71,-23906.1,-23898.3
14,0.72,-23909.2,-23900.7
14,0.73,-23912.3,-23903.1
14,0.74,-23915.4,-23905.4
14,0.75,-23918.5,-23907.8
14,0.76,-23921.7,-23910.1
14,0.77,-23924.8,-23912.4
14,0.78,-23928,-23914.7
14,0.79,-23931.1,-23916.9
14,0.8,-23934.3,-23919.2
14,0.81,-23937.5,-23921.4
14,0.82,-23940.7,-23923.6
14,0.83,-23943.9,-23925.8
14,0.84,-23947.1,-23927.9
14,0.85,-23950.3,-23930.1
14,0.86,-23953.6,-23932.2
14,0.87,-23956.8,-23934.3
14,0.88,-23960.1,-23936.4
14,0.89,-23963.3,-23938.4
14,0.9,-23966.6,-23940.5
14,0.91,-23969.8,-23942.5
14,0.92,-23973.1,-23944.5
14,0.93,-23976.4,-23946.4
14,0.94,-23979.6,-23948.4
14,0.95,-23982.9,-23950.3
14,0.96,-23986.2,-23952.2
14,0.97,-23989.5,-23954.1
14,0.98,-23992.8,-23955.9
14,0.99,-23996.1,-23957.8
15,0.01,-24292.4,-24172.5
15,0.02,-24227.6,-24148.6
15,0.03,-24179.7,-24126
15,0.04,-24141.1,-24104.5
15,0.05,-24108.8,-24084.3
15,0.06,-24081,-24065.1
15,0.07,-24056.6,-24046.9
15,0.08,-24035,-24029.8
15,0.09,-24015.7,-24013.5
15,0.1,-23998.2,-23998.2
15,0.11,-23982.4,-23983.8
15,0.12,-23967.9,-23970.2
15,0.13,-23954.7,-23957.3
15,0.14,-23942.5,-23945.2
15,0.15,-23931.3,-23933.9
15,0.16,-23921,-23923.2
15,0.17,-23911.4,-23913.1
15,0.18,-23902.5,-23903.7
15,0.19,-23894.2,-23894.8
15,0.2,-23886.5,-23886.5
15,0.21,-23879.4,-23878.8
15,0.22,-23872.8,-23871.5
15,0.23,-23866.6,-23864.8
15,0.24,-23860.8,-23858.5
15,0.25,-23855.4,-23852.6
15,0.26,-23850.5,-23847.2
15,0.27,-23845.8,-23842.1
15,0.28,-23841.5,-23837.5
15,0.29,-23837.5,-23833.2
15,0.3,-23833.7,-23829.2
15,0.31,-23830.2,-23825.6
15,0.32,-23827,-23822.2
15,0.33,-23824.1,-23819.2
15,0.34,-23821.3,-23816.5
15,0.35,-23818.8,-23814
15,0.36,-23816.5,-23811.7
15,0.37,-23814.3,-23809.7
15,0.38,-23812.4,-23808
15,0.39,-23810.6,-23806.4
15,0.4,-23809,-23805.1
15,0.41,-23807.6,-23803.9
15,0.42,-23806.3,-23803
15,0.43,-23805.2,-23802.2
15,0.44,-23804.2,-23801.6
15,0.45,-23803.3,-23801.1
15,0.46,-23802.6,-23800.8
15,0.47,-23801.9,-23800.6
15,0.48,-23801.5,-23800.5
15,0.49,-23801.1,-23800.6
15,0.5,-23800.8,-23800.8
15,0.51,-23800.6,-23801.1
15,0.52,-23800.6,-23801.5
15,0.53,-23800.6,-23802
15,0.54,-23800.7,-23802.6
15,0.55,-23800.9,-23803.3
15,0.56,-23801.3,-23804.1
15,0.57,-23801.6,-23804.9
15,0.58,-23802.1,-23805.8
15,0.59,-23802.6,-23806.8
15,0.6,-23803.3,-23807.8
15,0.61,-23804,-23808.9
15,0.62,-23804.7,-23810.1
15,0.63,-23805.5,-23811.3
15,0.64,-23806.4,-23812.5
15,0.65,-23807.4,-23813.8
15,0.66,-23808.4,-23815.1
15,0.67,-23809.5,-23816.5
15,0.68,-23810.6,-23817.9
15,0.69,-23811.8,-23819.3
15,0.7,-23813,-23820.8
15,0.71,-23814.3,-23822.2
15,0.72,-23815.7,-23823.7
15,0.73,-23817,-23825.3
15,0.74,-23818.5,-23826.8
15,0.75,-23820,-23828.3
15,0.76,-23821.5,-23829.9
15,0.77,-23823,-23831.5
15,0.78,-23824.6,-23833.1
15,0.79,-23826.3,-23834.7
15,0.8,-23828,-23836.3
15,0.81,-23829.7,-23837.9
15,0.82,-23831.4,-23839.5
15,0.83,-23833.2,-23841.1
15,0.84,-23835.1,-23842.7
15,0.85,-23836.9,-23844.4
15,0.86,-23838.8,-23846
15,0.87,-23840.7,-23847.6
15,0.88,-23842.7,-23849.2
15,0.89,-23844.6,-23850.8
15,0.9,-23846.6,-23852.4
15,0.91,-23848.7,-23854
15,0.92,-23850.7,-23855.6
15,0.93,-23852.8,-23857.2
15,0.94,-23854.9,-23858.8
15,0.95,-23857,-23860.3
15,0.96,-23859.2,-23861.9
15,0.97,-23861.3,-23863.4
15,0.98,-23863.5,-23865
15,0.99,-23865.8,-23866.5
16,0.01,-23842.1,-23833.9
16,0.02,-23836.1,-23830.4
16,0.03,-23831.2,-23827.2
16,0.04,-23826.9,-23824.2
16,0.05,-23823.3,-23821.4
16,0.06,-23820,-23818.8
16,0.07,-23817.2,-23816.5
16,0.08,-23814.7,-23814.3
16,0.09,-23812.5,-23812.3
16,0.1,-23810.5,-23810.5
16,0.11,-23808.8,-23808.9
16,0.12,-23807.3,-23807.4
16,0.13,-23806,-23806.1
16,0.14,-23804.8,-23805
16,0.15,-23803.8,-23804
16,0.16,-23803,-23803.1
16,0.17,-23802.3,-23802.4
16,0.18,-23801.7,-23801.8
16,0.19,-23801.3,-23801.3
16,0.2,-23801,-23801
16,0.21,-23800.7,-23800.7
16,0.22,-23800.6,-23800.5
16,0.23,-23800.6,-23800.5
16,0.24,-23800.6,-23800.5
16,0.25,-23800.8,-23800.7
16,0.26,-23801,-23800.9
16,0.27,-23801.3,-23801.2
16,0.28,-23801.7,-23801.5
16,0.29,-23802.1,-23802
16,0.3,-23802.6,-23802.5
16,0.31,-23803.2,-23803.1
16,0.32,-23803.8,-23803.7
16,0.33,-23804.5,-23804.5
16,0.34,-23805.2,-23805.2
16,0.35,-23806,-23806
16,0.36,-23806.9,-23806.9
16,0.37,-23807.8,-23807.8
16,0.38,-23808.7,-23808.8
16,0.39,-23809.7,-23809.8
16,0.4,-23810.7,-23810.8
16,0.41,-23811.8,-23811.9
16,0.42,-23812.9,-23813
16,0.43,-23814,-23814.1
16,0.44,-23815.2,-23815.3
16,0.45,-23816.4,-23816.5
16,0.46,-23817.6,-23817.7
16,0.47,-23818.9,-23819
16,0.48,-23820.2,-23820.3
16,0.49,-23821.5,-23821.6
16,0.5,-23822.9,-23822.9
16,0.51,-23824.3,-23824.2
16,0.52,-23825.7,-23825.6
16,0.53,-23827.1,-23826.9
16,0.54,-23828.6,-23828.3
16,0.55,-23830.1,-23829.7
16,0.56,-23831.6,-23831.1
16,0.57,-23833.1,-23832.5
16,0.58,-23834.7,-23833.9
16,0.59,-23836.2,-23835.3
16,0.6,-23837.8,-23836.8
16,0.61,-23839.4,-23838.2
16,0.62,-23841.1,-23839.6
16,0.63,-23842.7,-23841.1
16,0.64,-23844.4,-23842.5
16,0.65,-23846,-23844
16,0.66,-23847.7,-23845.4
16,0.67,-23849.4,-23846.9
16,0.68,-23851.2,-23848.3
16,0.69,-23852.9,-23849.8
16,0.7,-23854.6,-23851.2
16,0.71,-23856.4,-23852.6
16,0.72,-23858.2,-23854.1
16,0.73,-23860,-23855.5
16,0.74,-23861.8,-23856.9
16,0.75,-23863.6,-23858.3
16,0.76,-23865.4,-23859.8
16,0.77,-23867.2,-23861.2
16,0.78,-23869.1,-23862.6
16,0.79,-23870.9,-23864
16,0.8,-23872.8,-23865.4
16,0.81,-23874.6,-23866.7
16,0.82,-23876.5,-23868.1
16,0.83,-23878.4,-23869.5
16,0.84,-23880.3,-23870.8
16,0.85,-23882.2,-23872.2
16,0.86,-23884.1,-23873.5
16,0.87,-23886,-23874.9
16,0.88,-23887.9,-23876.2
16,0.89,-23889.8,-23877.5
16,0.9,-23891.7,-23878.8
16,0.91,-23893.7,-23880.1
16,0.92,-23895.6,-23881.3
16,0.93,-23897.5,-23882.6
16,0.94,-23899.5,-23883.9
16,0.95,-23901.4,-23885.1
16,0.96,-23903.4,-23886.4
16,0.97,-23905.3,-23887.6
16,0.98,-23907.3,-23888.8
16,0.99,-23909.3,-23890
17,0.01,-23804.1,-23804.1
17,0.02,-23803.4,-23803.4
17,0.03,-23802.8,-23802.8
17,0.04,-23802.3,-23802.3
17,0.05,-23801.8,-23801.8
17,0.06,-23801.4,-23801.5
17,0.07,-23801.1,-23801.2
17,0.08,-23800.9,-23800.9
17,0.09,-23800.7,-23800.7
17,0.1,-23800.6,-23800.6
17,0.11,-23800.6,-23800.6
17,0.12,-23800.6,-23800.6
17,0.13,-23800.7,-23800.6
17,0.14,-23800.8,-23800.8
17,0.15,-23800.9,-23800.9
17,0.16,-23801.2,-23801.1
17,0.17,-23801.4,-23801.4
17,0.18,-23801.7,-23801.7
17,0.19,-23802.1,-23802.1
17,0.2,-23802.5,-23802.5
17,0.21,-23803,-23803
17,0.22,-23803.4,-23803.4
17,0.23,-23804,-23804
17,0.24,-23804.5,-23804.5
17,0.25,-23805.1,-23805.2
17,0.26,-23805.7,-23805.8
17,0.27,-23806.4,-23806.5
17,0.28,-23807.1,-23807.2
17,0.29,-23807.8,-23807.9
17,0.3,-23808.6,-23808.7
17,0.31,-23809.3,-23809.5
17,0.32,-23810.2,-23810.3
17,0.33,-23811,-23811.1
17,0.34,-23811.9,-23812
17,0.35,-23812.7,-23812.9
17,0.36,-23813.7,-23813.8
17,0.37,-23814.6,-23814.8
17,0.38,-23815.6,-23815.8
17,0.39,-23816.5,-23816.7
17,0.4,-23817.6,-23817.7
17,0.41,-23818.6,-23818.8
17,0.42,-23819.6,-23819.8
17,0.43,-23820.7,-23820.9
17,0.44,-23821.8,-23821.9
17,0.45,-23822.9,-23823
17,0.46,-23824,-23824.1
17,0.47,-23825.1,-23825.2
17,0.48,-23826.3,-23826.4
17,0.49,-23827.5,-23827.5
17,0.5,-23828.7,-23828.7
17,0.51,-23829.9,-23829.8
17,0.52,-23831.1,-23831
17,0.53,-23832.3,-23832.2
17,0.54,-23833.6,-23833.4
17,0.55,-23834.8,-23834.6
17,0.56,-23836.1,-23835.8
17,0.57,-23837.4,-23837
17,0.58,-23838.7,-23838.2
17,0.59,-23840,-23839.4
17,0.6,-23841.3,-23840.7
17,0.61,-23842.7,-23841.9
17,0.62,-23844,-23843.1
17,0.63,-23845.4,-23844.4
17,0.64,-23846.7,-23845.6
17,0.65,-23848.1,-23846.9
17,0.66,-23849.5,-23848.1
17,0.67,-23850.9,-23849.4
17,0.68,-23852.3,-23850.6
17,0.69,-23853.7,-23851.9
17,0.7,-23855.1,-23853.2
17,0.71,-23856.5,-23854.4
17,0.72,-23857.9,-23855.7
17,0.73,-23859.4,-23857
17,0.74,-23860.8,-23858.2
17,0.75,-23862.3,-23859.5
17,0.76,-23863.7,-23860.7
17,0.77,-23865.2,-23862
17,0.78,-23866.7,-23863.2
17,0.79,-23868.2,-23864.5
17,0.8,-23869.6,-23865.8
17,0.81,-23871.1,-23867
17,0.82,-23872.6,-23868.3
17,0.83,-23874.1,-23869.5
17,0.84,-23875.6,-23870.7
17,0.85,-23877.1,-23872
17,0.86,-23878.7,-23873.2
17,0.87,-23880.2,-23874.4
17,0.88,-23881.7,-23875.7
17,0.89,-23883.2,-23876.9
17,0.9,-23884.7,-23878.1
17,0.91,-23886.3,-23879.3
17,0.92,-23887.8,-23880.5
17,0.93,-23889.3,-23881.8
17,0.94,-23890.9,-23883
17,0.95,-23892.4,-23884.2
17,0.96,-23894,-23885.3
17,0.97,-23895.5,-23886.5
17,0.98,-23897.1,-23887.7
17,0.99,-23898.6,-23888.9
